Price,Close,High,Low,Open,Volume,return_1,return_3,ma20,ma50,ma200,ma20_50,rsi14,macd_diff,atr14,vol_20,vol_ratio,next_close,future_ret,label
2024-11-14,7.28000020980835,7.420000076293945,7.260000228881836,7.420000076293945,6559571.0,-0.017543811104012486,-0.03957779906560044,7.658999967575073,7.447599973678589,7.017199981212616,0.21139999389648434,37.82062351621455,-0.06813210762353969,0.23730062376823538,7117352.8,0.9216307220291229,7.380000114440918,0.013736250240465434,1
2024-11-18,7.380000114440918,7.510000228881836,7.28000020980835,7.510000228881836,5944599.0,0.01373625024046543,-0.004048547043043249,7.650499963760376,7.4537999725341795,7.018599982261658,0.19669999122619686,42.76867575033365,-0.06548430280809397,0.23677915200432473,7273319.65,0.8173157905963887,7.480000019073486,0.013550122368818416,1
2024-11-19,7.480000019073486,7.489999771118164,7.380000114440918,7.440000057220459,5221454.0,0.013550122368818363,0.009446717017925987,7.646499967575073,7.462799968719483,7.024749982357025,0.18369999885559007,47.286165779344515,-0.05442115887621326,0.22772347376667626,7378900.9,0.7076194775837142,7.570000171661377,0.012032105930266901,1
2024-11-21,7.570000171661377,7.650000095367432,7.110000133514404,7.599999904632568,7349529.0,0.012032105930266823,0.039835158447153685,7.642999982833862,7.472399969100952,7.031599984169007,0.17060001373291023,51.03244521921398,-0.039177515689148484,0.2500289372014156,7539954.2,0.9747445150263644,7.659999847412109,0.011888992564049086,1
2024-11-22,7.659999847412109,7.690000057220459,7.570000171661377,7.570000171661377,7107615.0,0.011888992564049072,0.03794034263269164,7.6404999732971195,7.483999967575073,7.038649983406067,0.15650000572204625,54.513720456073585,-0.022023450471038132,0.24074114779839179,7468172.75,0.9517207539153402,7.570000171661377,-0.011749305162341269,0
2024-11-25,7.570000171661377,7.739999771118164,7.550000190734863,7.659999847412109,5811591.0,-0.011749305162341295,0.012032105930266823,7.633499979972839,7.49459997177124,7.045499985218048,0.13890000820159898,50.63684984821497,-0.016008156382383714,0.2371167501258853,7378262.55,0.7876638924972925,7.449999809265137,-0.01585209506935902,0
2024-11-26,7.449999809265137,7.949999809265137,7.420000076293945,7.949999809265137,6289764.0,-0.01585209506935903,-0.01585209506935903,7.616999959945678,7.502399969100952,7.051499984264374,0.11459999084472638,45.94503988886019,-0.019167847807872805,0.2580369631862643,7337208.35,0.857242114434436,7.519999980926514,0.009395996436714234,1
2024-11-27,7.519999980926514,7.53000020980835,7.449999809265137,7.480000019073486,4820899.0,0.009395996436714293,-0.018276745336084255,7.6069999694824215,7.510799970626831,7.057849984169007,0.09619999885559061,48.918347883327556,-0.01574352854887919,0.24532006585461777,7223021.45,0.6674352323846414,7.510000228881836,-0.001329754264633083,0
2024-11-28,7.510000228881836,7.570000171661377,7.420000076293945,7.519999980926514,3848103.0,-0.0013297542646331095,-0.00792601603949139,7.598499989509582,7.518999977111816,7.063899984359741,0.07950001239776583,48.507868500586945,-0.01344151297066977,0.23851149653410447,7149878.85,0.5382053431576675,7.550000190734863,0.0053262264492610996,1
2024-11-29,7.550000190734863,7.889999866485596,7.510000228881836,7.889999866485596,3833997.0,0.005326226449261062,0.013422870339588666,7.590499997138977,7.525599985122681,7.070299985408783,0.06490001201629614,50.30423112653396,-0.008742110197948716,0.24861779232479414,7055089.15,0.5434370733642677,7.5,-0.0066225416518826095,0
2024-12-02,7.5,7.679999828338623,7.460000038146973,7.53000020980835,6083489.0,-0.006622541651882585,-0.00265957193846289,7.576999998092651,7.530199985504151,7.076199984550476,0.046800012588500195,48.047793382481025,-0.008510096479461575,0.2465736493152839,6993015.05,0.8699379247010199,7.519999980926514,0.002666664123535156,1
2024-12-03,7.519999980926514,7.539999961853027,7.5,7.5,4934156.0,0.002666664123535112,0.0013315248655014766,7.5609999895095825,7.535599985122681,7.082649984359741,0.02540000438690182,49.03260659676799,-0.006603674561411686,0.2318183859251227,6855171.85,0.7197713066813927,7.519999980926514,0.0,0
2024-12-04,7.519999980926514,7.570000171661377,7.5,7.570000171661377,6886317.0,0.0,-0.003973537622577128,7.527500009536743,7.542799987792969,7.089049985408783,-0.015299978256225977,49.03260659676799,-0.005009004758726421,0.22025994204914084,6721416.75,1.0245335553698556,7.53000020980835,0.0013298176738298134,1
2024-12-05,7.53000020980835,7.559999942779541,7.519999980926514,7.550000190734863,4217288.0,0.0013298176738298917,0.004000027974446541,7.516500020027161,7.548399991989136,7.095449986457825,-0.03189997196197503,49.586777921539316,-0.0030437225884891016,0.20738422917798988,5924591.15,0.7118276845145676,7.519999980926514,-0.001328051607330627,0
2024-12-06,7.519999980926514,7.570000171661377,7.489999771118164,7.550000190734863,4664698.0,-0.001328051607330627,0.0,7.507500028610229,7.552999992370605,7.101949987411499,-0.045499963760375906,49.012864482163586,-0.0022186163353642516,0.19828538427550582,5680405.45,0.821191029594551,7.550000190734863,0.00398938961229271,1
2024-12-09,7.550000190734863,7.849999904632568,7.489999771118164,7.639999866485596,5014511.0,0.003989389612292671,0.003989389612292671,7.506500029563904,7.556799993515015,7.108499989509583,-0.050299963951110804,50.8506601753051,0.00040638753287884286,0.20983643779257002,5513924.6,0.909426835470329,7.590000152587891,0.005298008058610928,1
2024-12-10,7.590000152587891,7.639999866485596,7.5,7.599999904632568,6296897.0,0.005298008058610915,0.007968119669025553,7.505000042915344,7.560599994659424,7.115399990081787,-0.055599951744079945,53.26923471882417,0.004659159890934669,0.20484811127064328,5598472.95,1.1247525988314364,7.659999847412109,0.00922262100355184,1
2024-12-11,7.659999847412109,7.75,7.590000152587891,7.639999866485596,7140322.0,0.009222621003551756,0.018617003569240342,7.509000039100647,7.564599990844727,7.122599990367889,-0.055599951744079945,57.23520483731134,0.0116131423544397,0.20164466385217658,5740905.75,1.2437622756652988,7.699999809265137,0.005221927238881228,1
2024-12-12,7.699999809265137,7.75,7.659999847412109,7.699999809265137,6596025.0,0.005221927238881152,0.019867498641171988,7.5235000371932985,7.568599987030029,7.130399990081787,-0.0450999498367306,59.3578218163685,0.017954670155358902,0.19367005590472758,5690905.1,1.1590467393314992,7.590000152587891,-0.014285670052210573,0
2024-12-13,7.590000152587891,7.710000038146973,7.590000152587891,7.679999828338623,6492459.0,-0.014285670052210597,0.0,7.532500052452088,7.570999994277954,7.137699990272522,-0.038499941825866024,51.7507376993589,0.013966342319501472,0.18840790088003861,5755664.2,1.1280121241263517,7.570000171661377,-0.0026350435473567768,0
2024-12-16,7.570000171661377,7.690000057220459,7.53000020980835,7.690000057220459,5345215.0,-0.0026350435473567746,-0.011749305162341295,7.547000050544739,7.573199996948242,7.144699990749359,-0.026199946403503205,50.4839138952438,0.00942427276013895,0.18637875420375796,5694946.4,0.9385891674063866,7.53000020980835,-0.005284010692994293,0
2024-12-17,7.53000020980835,7.619999885559082,7.53000020980835,7.619999885559082,4900202.0,-0.005284010692994334,-0.022077870606208694,7.5545000553131105,7.574800004959107,7.151299991607666,-0.02029994964599613,47.95547453580368,0.003475399524877732,0.17949453431425616,5642726.55,0.8684103255012419,7.550000190734863,0.002656039889675209,1
2024-12-18,7.550000190734863,7.619999885559082,7.449999809265137,7.619999885559082,3805014.0,0.0026560398896751103,-0.005270087094713549,7.558000063896179,7.5764000129699705,7.158099992275238,-0.01839994907379161,49.32217143978335,0.0007777538037833671,0.17881635874137683,5571904.55,0.6828928898288467,7.489999771118164,-0.007947075245154292,0
2024-12-19,7.489999771118164,7.550000190734863,7.449999809265137,7.550000190734863,4594130.0,-0.007947075245154256,-0.010568084376364695,7.554000043869019,7.576200008392334,7.1645499920845035,-0.022199964523315074,45.46487883103135,-0.004847881777213424,0.1731866460791161,5434134.6,0.8454207225562649,7.449999809265137,-0.0053404490087261836,0
2024-12-20,7.449999809265137,7.489999771118164,7.400000095367432,7.489999771118164,3953225.0,-0.005340449008726211,-0.010624222883686918,7.54350004196167,7.575600004196167,7.170799992084503,-0.03209996223449707,43.04784997669267,-0.01072638777177321,0.1672447196270887,5276415.1,0.7492255489906394,7.489999771118164,0.005369122533839758,1
2024-12-23,7.489999771118164,7.599999904632568,7.449999809265137,7.489999771118164,3407332.0,0.005369122533839699,-0.007947075245154256,7.53950002193451,7.576599998474121,7.177449991703034,-0.03709997653961139,46.13190486549118,-0.011325371200665528,0.1660129607513989,5156202.15,0.6608220354587919,7.480000019073486,-0.0013350804205945785,0
2024-12-24,7.480000019073486,7.699999809265137,7.440000057220459,7.699999809265137,2581532.0,-0.0013350804205946032,-0.0013350804205946032,7.541000032424927,7.578599996566773,7.183899991512298,-0.03759996414184563,45.469014279147665,-0.011748904586281451,0.1727263029866331,4970790.55,0.51934032907502,7.5,0.0026737942346945313,1
2024-12-26,7.5,7.559999942779541,7.449999809265137,7.449999809265137,3086421.0,0.002673794234694604,0.006711435169794333,7.540000033378601,7.5809999942779545,7.190399992465973,-0.040999960899353205,47.10609878185017,-0.010098975960385675,0.16824586231004535,4884066.65,0.6319367079071289,7.539999961853027,0.005333328247070312,1
2024-12-27,7.539999961853027,7.570000171661377,7.460000038146973,7.5,3268906.0,0.005333328247070224,0.006675593092494658,7.5415000200271605,7.582799997329712,7.197199993133545,-0.041299977302551305,50.31855103703614,-0.005936563832102685,0.1640854531103567,4855106.8,0.6732922950325211,7.510000228881836,-0.003978744446017038,0
2024-12-30,7.510000228881836,7.639999866485596,7.480000019073486,7.550000190734863,3517137.0,-0.003978744446017091,0.004010723226183233,7.53950002193451,7.583000001907348,7.203699994087219,-0.04349997997283861,47.96564870804255,-0.004871262603056226,0.16379362413191045,4839263.8,0.7267917487779855,7.519999980926514,0.0013315248655014485,1
2024-12-31,7.519999980926514,7.570000171661377,7.480000019073486,7.510000228881836,2686841.0,0.0013315248655014766,0.002666664123535112,7.540500020980835,7.583600006103516,7.2101999950408935,-0.043099985122680984,48.824648644197836,-0.0032392390549474924,0.1585226618787662,4669431.4,0.5754107448714204,7.550000190734863,0.00398938961229271,1
2025-01-01,7.550000190734863,7.579999923706055,7.519999980926514,7.53000020980835,2560137.0,0.003989389612292671,0.0013262903093407274,7.542000031471252,7.583600006103516,7.216349995136261,-0.0415999746322635,51.41594163796523,-5.379293686784414e-05,0.15148532480025012,4550730.45,0.5625771572561498,7.579999923706055,0.003973474465339245,1
2025-01-02,7.579999923706055,7.639999866485596,7.489999771118164,7.550000190734863,2511668.0,0.003973474465339244,0.009320864539393181,7.54500002861023,7.584000005722046,7.222149994373321,-0.03899997711181591,53.928223851065795,0.003938414178411664,0.1513792369836202,4331998.0,0.5797943581691403,7.630000114440918,0.006596331297905465,1
2025-01-03,7.630000114440918,7.679999828338623,7.610000133514404,7.610000133514404,5274163.0,0.006596331297905378,0.014627677366144232,7.550000023841858,7.583800010681152,7.2280999946594235,-0.03379998683929397,57.84115571843467,0.009494411410576734,0.1477092846728308,4384841.75,1.202817182626944,7.570000171661377,-0.00786368831973962,0
2025-01-06,7.570000171661377,7.650000095367432,7.5,7.639999866485596,4660781.0,-0.007863688319739603,0.0026490040293054573,7.552500033378601,7.58100001335144,7.233399994373322,-0.02849997997283893,52.12057180240844,0.00869771621194807,0.1478729140081594,4384645.9,1.0629777423987645,7.579999923706055,0.0013209711780605023,1
2025-01-07,7.579999923706055,7.610000133514404,7.5,7.579999923706055,2821319.0,0.0013209711780604039,0.0,7.554000020027161,7.578400011062622,7.238399994373322,-0.024399991035461532,52.95566285567314,0.008408433685609333,0.14516771540146262,4274986.3,0.659959775777527,7.639999866485596,0.007915559813120093,1
2025-01-08,7.639999866485596,7.670000076293945,7.510000228881836,7.579999923706055,3687379.0,0.007915559813120199,0.0013105834724369547,7.556500005722046,7.575600004196167,7.243799993991852,-0.019099998474120916,57.72062764231527,0.011624083102007127,0.1462271534022231,4144510.4,0.8897019536975946,7.650000095367432,0.0013089305047901852,1
2025-01-09,7.650000095367432,7.679999828338623,7.639999866485596,7.639999866485596,3241920.0,0.0013089305047901956,0.010568021385988668,7.556000018119812,7.574200010299682,7.249549994468689,-0.018199992179869895,58.47554612520398,0.013650627733077942,0.13863949686299482,3949590.3,0.8208243776576014,7.690000057220459,0.0052287531182189,1
2025-01-10,7.690000057220459,7.699999809265137,7.619999885559082,7.670000076293945,4631535.0,0.0052287531182189095,0.014511891111025577,7.555500030517578,7.57440001487732,7.2553499937057495,-0.018899984359741495,61.44125639958548,0.01670903003476013,0.13445095592321338,3851365.8,1.2025694884656242,7.78000020980835,0.011703530808609782,1
2025-01-13,7.78000020980835,7.849999904632568,7.639999866485596,7.800000190734863,7691511.0,0.011703530808609752,0.0183246525876124,7.565000033378601,7.575800018310547,7.261599993705749,-0.010799984931946227,67.12973746858808,0.02340666633534954,0.1398473189391962,3911318.4,1.9664752938548797,7.739999771118164,-0.005141444423067812,0
2025-01-14,7.739999771118164,7.789999961853027,7.590000152587891,7.78000020980835,5304616.0,-0.0051414444230678535,0.011764663350165572,7.57350001335144,7.57520001411438,7.267749991416931,-0.0017000007629395242,62.70219839568674,0.02368452028303695,0.14414392539104906,3909288.45,1.3569262201667411,7.75,0.0012920192735860053,1
2025-01-15,7.75,7.789999961853027,7.710000038146973,7.769999980926514,5177920.0,0.0012920192735859093,0.0078023332032624015,7.584500002861023,7.573400011062622,7.273899991512298,0.011099991798400488,63.35295161386399,0.023060957441868292,0.13956221098497804,3923174.35,1.3198291837323006,7.789999961853027,0.005161285400390625,1
2025-01-16,7.789999961853027,7.889999866485596,7.599999904632568,7.75,4203922.0,0.005161285400390625,0.0012853151381757577,7.596499991416931,7.565400018692016,7.280299990177155,0.031099972724915048,65.91468935612018,0.023767044501924933,0.1503077646184101,3943119.75,1.0661410929759358,7.829999923706055,0.0051347833182161465,1
2025-01-17,7.829999923706055,7.889999866485596,7.78000020980835,7.789999961853027,5103939.0,0.005134783318216041,0.01162792703479476,7.613499999046326,7.567000017166138,7.286199989318848,0.04649998188018767,68.30099454295471,0.025215346208030648,0.1474286140511841,3968610.2,1.286077176337449,7.820000171661377,-0.001277107553271176,0
2025-01-20,7.820000171661377,7.920000076293945,7.679999828338623,7.849999904632568,3906180.0,-0.0012771075532711507,0.009032280214371191,7.6320000171661375,7.569400024414063,7.292399990558624,0.06259999275207484,67.03745001152481,0.023804595499501757,0.1540408736157654,3966257.95,0.9848527375785024,7.849999904632568,0.0038362829044309207,1
2025-01-21,7.849999904632568,7.889999866485596,7.75,7.889999866485596,4038455.0,0.0038362829044309432,0.007702174977324283,7.650000023841858,7.575000019073486,7.298699989318847,0.07500000476837165,68.89647802737011,0.0231742182091291,0.153037944535039,3997814.1,1.0101657803448136,7.929999828338623,0.010191073207382315,1
2025-01-22,7.929999828338623,8.239999771118164,7.820000171661377,8.239999771118164,5716233.0,0.010191073207382217,0.012771380026429968,7.672500014305115,7.581200017929077,7.3053999876976015,0.09129999637603792,73.23197020892007,0.02620408591029892,0.17210663417230673,4154549.15,1.3758973100607075,7.909999847412109,-0.00252206574520239,0
2025-01-23,7.909999847412109,8.0,7.840000152587891,7.929999828338623,5196961.0,-0.0025220657452024176,0.01150890968991014,7.69300000667572,7.5878000164031985,7.311749987602234,0.10519999027252158,70.58313773835933,0.024927808881952743,0.1712418636894355,4260076.15,1.2199220898903411,7.949999809265137,0.005056885287565967,1
2025-01-24,7.949999809265137,8.149999618530273,7.849999904632568,8.149999618530273,5682417.0,0.005056885287565871,0.012738841509227994,7.713499999046325,7.598600015640259,7.3172999858856205,0.11489998340606622,72.70923969522707,0.02479166897036955,0.1804388529900262,4380751.7,1.2971328642068434,7.929999828338623,-0.0025157209316162715,0
2025-01-27,7.929999828338623,8.100000381469727,7.900000095367432,7.949999809265137,6888552.0,-0.0025157209316162277,0.0,7.734499979019165,7.609000015258789,7.32269998550415,0.12549996376037598,69.98559116831576,0.021491720188767438,0.1818360982123311,4549322.45,1.5141929541617782,7.929999828338623,0.0,0
2025-01-28,7.929999828338623,9.399999618530272,7.889999866485596,7.960000038146973,5082151.0,0.0,0.0025284426437830465,7.75499997138977,7.622000007629395,7.327799985408783,0.13299996376037537,69.98559116831578,0.017609114150128127,0.27670493062892715,4669087.95,1.0884676096109946,7.980000019073486,0.006305194428401216,1
2025-01-29,7.980000019073486,8.100000381469727,7.929999828338623,7.940000057220459,5629540.0,0.006305194428401162,0.003773611387183573,7.776499962806701,7.634000005722046,7.3329999852180485,0.14249995708465502,72.92610756493113,0.016715603085005443,0.2690831893790826,4822558.1,1.1673348217411832,8.0,0.0025062632680088338,1
2025-01-30,8.0,8.149999618530273,7.960000038146973,8.09000015258789,6718636.0,0.002506263268008846,0.00882726017360369,7.797499966621399,7.644400005340576,7.338399984836578,0.15309996128082304,74.02242185572842,0.01578979662272098,0.2634343601650982,5032906.5,1.3349415491823657,8.109999656677246,0.013749957084655762,1
2025-01-31,8.109999656677246,8.149999618530273,7.980000019073486,8.0,18229410.0,0.013749957084655762,0.022698591706821425,7.821499943733215,7.655199995040894,7.343649983406067,0.16629994869232156,79.04772246391543,0.02059986124604586,0.2567604486859331,5680668.85,3.2090252893371876,8.15999984741211,0.006165251892914247,1
2025-02-01,8.15999984741211,8.359999656677246,8.109999656677246,8.350000381469727,0.0,0.006165251892914281,0.022556369412079613,7.850999927520752,7.6651999950408936,7.34869998216629,0.18579993247985804,80.86017393672995,0.02487693021027866,0.25627755949408076,5447629.8,0.0,8.170000076293945,0.001225518268239606,1
2025-02-03,8.170000076293945,8.390000343322754,8.0,8.15999984741211,8881542.0,0.0012255182682396892,0.021250009536743164,7.880499935150146,7.677199993133545,7.353949983119964,0.20329994201660107,81.21026321316262,0.025986313124316623,0.26582918691041457,5750640.95,1.5444438415164832,8.229999542236328,0.007343875811761267,1
2025-02-04,8.229999542236328,8.279999732971191,8.149999618530273,8.270000457763672,8334165.0,0.0073438758117612135,0.01479653398755465,7.909999918937683,7.692799987792969,7.358899981975555,0.21719993114471414,83.19622058109822,0.02818370254261661,0.2561271103054505,5982980.25,1.3929788586549319,8.369999885559082,0.017010978263640557,1
2025-02-05,8.369999885559082,8.399999618530273,8.199999809265137,8.3100004196167,11953360.0,0.017010978263640508,0.025735299273758283,7.9459999084472654,7.7097999858856205,7.364749982357025,0.2361999225616449,86.72259759617319,0.03598907531398457,0.2521180173739995,6418552.25,1.8623140444171034,8.380000114440918,0.0011947704920629114,1
2025-02-06,8.380000114440918,8.680000305175781,8.300000190734863,8.399999618530273,12640760.0,0.0011947704920629576,0.025703798798767163,7.980499911308288,7.727199983596802,7.3703999829292295,0.25329992771148646,86.93353108337719,0.03852192288579159,0.2612524528787794,6819013.5,1.8537520126628284,8.390000343322754,0.0011933447190057842,1
2025-02-07,8.390000343322754,8.539999961853027,8.359999656677246,8.380000114440918,9160036.0,0.0011933447190057844,0.019441167677507476,8.010999917984009,7.74399998664856,7.3759999847412105,0.26699993133544897,87.15332110270879,0.03752947849881458,0.25544872804285096,6892439.75,1.3289976165551536,8.489999771118164,0.011918882443788631,1
2025-02-10,8.489999771118164,8.550000190734863,8.390000343322754,8.399999618530273,12002680.0,0.011918882443788581,0.014336904085998858,8.048499917984008,7.763799982070923,7.38204998254776,0.2846999359130855,89.12352107423337,0.04003747633022142,0.24863095085494086,7227342.95,1.6607320398432177,8.449999809265137,-0.004711420839974794,0
2025-02-11,8.449999809265137,8.649999618530273,8.4399995803833,8.59000015258789,12585730.0,-0.004711420839974778,0.008353185425808096,8.083499908447266,7.782399978637695,7.3880999827384946,0.30109992980957045,83.60051956981503,0.03558232264811781,0.24587159994722882,7597733.45,1.6565111270124906,8.390000343322754,-0.00710052867416582,0
2025-02-12,8.390000343322754,8.479999542236328,8.300000190734863,8.449999809265137,10740330.0,-0.007100528674165774,0.0,8.113499927520753,7.79979998588562,7.394599983692169,0.31369994163513226,75.99322566191918,0.025638926074439905,0.24116643934395995,7924553.85,1.3553229876783535,8.4399995803833,0.005959384387908774,1
2025-02-13,8.4399995803833,8.489999771118164,8.25,8.390000343322754,7722192.0,0.005959384387908884,-0.00588930413225186,8.143999910354614,7.817999973297119,7.400999982357025,0.3259999370574951,77.80566713103556,0.019738278410209503,0.24108310589926024,8055466.5,0.9586275357237224,8.479999542236328,0.004739332208735816,1
2025-02-14,8.479999542236328,8.5,8.3100004196167,8.4399995803833,8305786.0,0.0047393322087359024,0.0035502643370828313,8.176999878883361,7.8371999645233155,7.40764997959137,0.33979991436004564,79.16112297716211,0.01599775122952185,0.2374342826481203,8275446.8,1.0036661706289984,8.40999984741211,-0.008254681439022646,0
2025-02-17,8.40999984741211,8.75,8.199999809265137,8.75,8761019.0,-0.008254681439022638,0.002383731021569302,8.204999876022338,7.85439995765686,7.413749978542328,0.35059991836547777,70.99033808700321,0.006750847114219111,0.25976041894003055,8511575.0,1.0293064444594564,8.4399995803833,0.003567150239654618,1
2025-02-18,8.4399995803833,8.479999542236328,8.369999885559082,8.479999542236328,5825541.0,0.003567150239654593,0.0,8.230499863624573,7.871399946212769,7.420099976062775,0.3590999174118039,72.30947231251194,0.0009037339249346743,0.24906322163554595,8517040.4,0.6839865406767354,8.520000457763672,0.009478777412064501,1
2025-02-19,8.520000457763672,8.539999961853027,8.4399995803833,8.529999732971191,6236253.0,0.009478777412064598,0.004717089349841386,8.26099989414215,7.8885999584198,7.426949977874756,0.37239993572235086,75.5078860142638,0.0006829555904434848,0.238415875909416,8569005.0,0.7277686265791651,8.520000457763672,0.0,0
2025-02-20,8.520000457763672,8.609999656677246,8.479999542236328,8.529999732971191,10485150.0,0.0,0.013079739874836127,8.289499926567078,7.9049999713897705,7.433949980735779,0.38449995517730784,75.5078860142638,-0.0011067971838869817,0.2306718929473804,8809141.65,1.1902578499234369,8.460000038146973,-0.007042302393543312,0
2025-02-21,8.460000038146973,8.550000190734863,8.430000305175781,8.520000457763672,6673417.0,-0.007042302393543309,0.002369722601664348,8.315999937057494,7.922399969100952,7.440899980068207,0.3935999679565425,68.61427478864087,-0.007612694936520392,0.22276674956250195,8798384.9,0.758482048222282,8.5,0.004728127857288839,1
2025-02-24,8.5,8.579999923706055,8.4399995803833,8.579999923706055,7112462.0,0.004728127857288822,-0.0023474714423807885,8.344499945640564,7.940999965667725,7.447849979400635,0.40349997997283893,70.54492910717197,-0.010334389486037043,0.21685486340251994,8899900.45,0.7991619726488063,8.529999732971191,0.0035293803495519303,1
2025-02-25,8.529999732971191,8.550000190734863,8.5,8.510000228881836,5621454.0,0.0035293803495519693,0.001173623787591227,8.371999931335449,7.960999956130982,7.454949977397919,0.41099997520446685,71.93910132327171,-0.01115618013517869,0.20493667249768732,8899496.15,0.6316598046957972,8.430000305175781,-0.011723262711120636,0
2025-02-27,8.430000305175781,8.550000190734863,8.420000076293945,8.550000190734863,7670726.0,-0.011723262711120674,-0.0035460677111016636,8.393499946594238,7.9785999584197995,7.4616499781608585,0.4148999881744384,61.491095811521745,-0.019014883750238604,0.19958406120791808,8947100.65,0.8573420932735342,8.350000381469727,-0.009489907569390834,0
2025-02-28,8.350000381469727,8.479999542236328,8.300000190734863,8.430000305175781,7279112.0,-0.009489907569390832,-0.017647013944738,8.405499982833863,7.995799970626831,7.467999980449677,0.4097000122070318,54.65266481979017,-0.029552561460405247,0.19818515337174286,8399585.75,0.8666036893545611,8.380000114440918,0.003592782227623204,1
2025-03-03,8.380000114440918,8.399999618530273,8.0,8.350000381469727,7446478.0,0.003592782227623159,-0.01758494996787363,8.416499996185303,8.014399976730347,7.47369998216629,0.40210001945495577,56.60174198432145,-0.03412968837945499,0.2126004723116379,8771909.65,0.8489004443861319,8.489999771118164,0.013126450498215161,1
2025-03-04,8.489999771118164,8.5,8.380000114440918,8.390000343322754,7335376.0,0.013126450498215148,0.007117374112732167,8.432499980926513,8.034399976730347,7.480299980640411,0.3981000041961664,62.89862830255026,-0.029547720281196732,0.20598614468645532,8694601.35,0.8436701931135692,8.479999542236328,-0.001177883292277035,0
2025-03-05,8.479999542236328,8.5600004196167,8.380000114440918,8.489999771118164,7329895.0,-0.001177883292277082,0.0155687610571964,8.444999980926514,8.054399967193604,7.486849977970123,0.39060001373291087,62.01763611425158,-0.027055970329657925,0.20413001329283573,8644387.85,0.8479368495711352,8.449999809265137,-0.0035377045507811356,0
2025-03-06,8.449999809265137,8.529999732971191,8.399999618530273,8.529999732971191,5794770.0,-0.0035377045507811733,0.008353185425808096,8.448999977111816,8.073399963378906,7.492999978065491,0.3756000137329103,59.33279953681892,-0.027219605867361912,0.19883502051769875,8336458.35,0.6951117317103851,8.470000267028809,0.0023669181319675363,1
2025-03-07,8.470000267028809,8.489999771118164,8.40999984741211,8.470000267028809,4741552.0,0.0023669181319674326,-0.002355654255420725,8.45349998474121,8.091999969482423,7.499049978256226,0.3615000152587875,60.55871612305763,-0.025786073190208286,0.19034679931686702,7941497.95,0.5970601553829022,8.449999809265137,-0.0023613290594012974,0
2025-03-10,8.449999809265137,8.75,8.420000076293945,8.470000267028809,3924815.0,-0.0023613290594013403,-0.0035377045507811733,8.45649995803833,8.110799961090088,7.504949977397919,0.3456999969482428,58.65455764128799,-0.025920607872744916,0.2003220224875233,7679736.9,0.5110611276279529,8.430000305175781,-0.002366805271099142,0
2025-03-11,8.430000305175781,8.479999542236328,8.380000114440918,8.449999809265137,4738411.0,-0.002366805271099115,-0.002366805271099115,8.45349998474121,8.128999967575073,7.510349979400635,0.3245000171661374,56.73354454899184,-0.02697178509764747,0.19315612286665806,7316523.45,0.647631492249232,8.479999542236328,0.005931107384402912,1
2025-03-12,8.479999542236328,8.489999771118164,8.40999984741211,8.430000305175781,4692378.0,0.005931107384402834,0.00118055193533384,8.454999971389771,8.147599954605102,7.5159999775886535,0.3074000167846691,60.2395210584694,-0.02401376137823702,0.18507353721232928,6921855.85,0.6779075007752436,8.529999732971191,0.005896249225701884,1
2025-03-13,8.529999732971191,8.550000190734863,8.479999542236328,8.479999542236328,5790858.0,0.005896249225701977,0.009467446806133317,8.461999940872193,8.166599950790406,7.5225499773025515,0.29539999008178697,63.430809086526864,-0.01864311958840266,0.17685404516134398,6674382.25,0.8676245655543626,8.630000114440918,0.011723374513505896,1
2025-03-17,8.630000114440918,8.800000190734863,8.550000190734863,8.800000190734863,7433105.0,0.011723374513505913,0.02372476892347719,8.471499967575074,8.186599950790406,7.529999978542328,0.28490001678466825,68.82086359244738,-0.008808446645598489,0.18350736034722456,6659927.9,1.116093914470155,8.699999809265137,0.008111204391189463,1
2025-03-18,8.699999809265137,8.720000267028809,8.350000381469727,8.350000381469727,5374914.0,0.008111204391189508,0.025943429116128236,8.482499980926514,8.20919994354248,7.537699978351593,0.2733000373840344,71.93877392447894,0.0014141472315717107,0.19682825500521436,6513384.3,0.8252106358901623,8.720000267028809,0.002298903241626767,1
2025-03-19,8.720000267028809,8.770000457763672,8.670000076293945,8.670000076293945,7594879.0,0.0022989032416267374,0.02227438921518421,8.498000001907348,8.231999950408936,7.5454999804496765,0.26600005149841266,72.77644374452146,0.008149939542585347,0.18991197832410808,6455077.3,1.17657444628897,8.729999542236328,0.001146705837306885,1
2025-03-20,8.729999542236328,8.819999694824219,8.720000267028809,8.739999771118164,6668108.0,0.0011467058373069161,0.011587419057860426,8.5125,8.25379994392395,7.553249979019165,0.25870005607604973,73.20706921854689,0.011690343352263599,0.18348965328634395,6497205.65,1.0263039773106148,8.680000305175781,-0.005727289768876526,0
2025-03-21,8.680000305175781,8.760000228881836,8.550000190734863,8.75,6122724.0,-0.005727289768876487,-0.0022987936238868523,8.520499992370606,8.274399948120116,7.560949981212616,0.2461000442504897,67.46080100827106,0.009186736193626546,0.1853832522049603,6491529.2,0.9431866993681549,8.619999885559082,-0.006912490496218264,0
2025-03-24,8.619999885559082,8.720000267028809,8.600000381469727,8.6899995803833,8410347.0,-0.0069124904962182265,-0.011467933303607514,8.525499963760376,8.29299994468689,7.568249981403351,0.23250001907348583,61.247832009394855,0.002366912740052296,0.1807130117302547,6387789.05,1.3166287950601623,8.609999656677246,-0.0011601193752437428,0
2025-03-25,8.609999656677246,8.640000343322754,8.5600004196167,8.619999885559082,5833936.0,-0.00116011937524374,-0.013745692079193628,8.532999944686889,8.309599933624268,7.575749979019165,0.22340001106262086,60.25183438509875,-0.0036152243632987108,0.1735192197285261,6345815.0,0.9193359718176466,8.59000015258789,-0.0023228228672280385,0
2025-03-26,8.59000015258789,8.640000343322754,8.59000015258789,8.609999656677246,4444029.0,-0.0023228228672280693,-0.010368680809172859,8.537499952316285,8.326599941253662,7.5830499792099,0.21090001106262335,58.21300188698498,-0.009388612935046017,0.16469643194326447,6212393.35,0.7153489403564569,8.65999984741211,0.008148974805679146,1
2025-03-27,8.65999984741211,8.680000305175781,8.5600004196167,8.65999984741211,3590642.0,0.00814897480567911,0.004640366865902079,8.54399995803833,8.344799938201904,7.590749979019165,0.199200019836427,62.9399311050764,-0.00896357423418534,0.16150382148725145,6110852.75,0.5875844414676822,8.739999771118164,0.009237866641529015,1
2025-03-28,8.739999771118164,8.770000457763672,8.65999984741211,8.739999771118164,5344474.0,0.009237866641528925,0.015098736309484106,8.559499931335449,8.363799934387208,7.59844997882843,0.1956999969482407,67.46904139286309,-0.0040171415896823465,0.1578250206918451,5994540.15,0.8915569612124458,8.9399995803833,0.022883273970560926,1
2025-04-01,8.9399995803833,8.960000038146973,8.8100004196167,8.850000381469727,10523490.0,0.02288327397056089,0.04074498504985091,8.588999891281128,8.385999927520752,7.6073499774932865,0.20299996376037654,75.52272317161042,0.01117118124495492,0.1622661097159139,6156759.05,1.7092580551775856,8.9399995803833,0.0,0
2025-04-02,8.9399995803833,10.479999542236328,8.90999984741211,9.0,9897555.0,0.0,0.03233253324535146,8.616999864578247,8.40839991569519,7.616749975681305,0.208599948883057,75.52272317161042,0.019193743478844852,0.2628185086522214,6279312.9,1.5762162449334223,8.920000076293945,-0.002237081099336919,0
2025-04-03,8.920000076293945,9.050000190734863,8.90999984741211,8.960000038146973,10360120.0,-0.002237081099336957,0.020595001131533452,8.638499879837036,8.429799919128419,7.625949976444244,0.20869996070861774,73.4148686072237,0.020984321770703668,0.2540457825572594,6430550.1,1.6110783430487539,8.8100004196167,-0.012331799970448927,0
2025-04-04,8.8100004196167,8.90999984741211,8.75,8.890000343322754,11665270.0,-0.012331799970448976,-0.01454129383315117,8.654999923706054,8.44739993095398,7.634499979019165,0.2075999927520744,62.999865379657955,0.012983521193039069,0.24804251782416556,6647318.85,1.754883474560574,8.65999984741211,-0.017026170835428404,0
2025-04-07,8.65999984741211,8.789999961853027,7.139999866485596,8.760000228881836,17700860.0,-0.017026170835428456,-0.03131988211560821,8.665499925613403,8.46239993095398,7.642299978733063,0.2030999946594232,52.13775980881276,-0.0033172678331511163,0.34961094891751826,7242623.35,2.443984609526878,8.619999885559082,-0.004618933320764507,0
2025-04-08,8.619999885559082,8.65999984741211,8.520000457763672,8.649999618530273,6753383.0,-0.004618933320764462,-0.03363230809068629,8.672999906539918,8.475799932479859,7.6499499773979185,0.19719997406005874,49.678015408042526,-0.016938271829291474,0.33463869468401247,7343214.9,0.9196766119428152,8.760000228881836,0.016241339348193468,1
2025-04-09,8.760000228881836,8.800000190734863,8.600000381469727,8.619999885559082,23124890.0,0.016241339348193495,-0.005675390278476189,8.688499927520752,8.492399940490722,7.6582999777793885,0.1960999870300295,57.27548487249178,-0.016639798236996003,0.32502163143980706,8303218.65,2.7850513126015293,9.109999656677246,0.03995427153545698,1
2025-04-11,9.109999656677246,9.170000076293944,8.90999984741211,8.90999984741211,13085080.0,0.03995427153545705,0.051963027389615,8.722499895095826,8.515999937057495,7.668349976539612,0.20649995803833043,69.62298856082596,0.0058070642046858245,0.33109150400925713,8720552.1,1.5004875666071644,9.149999618530272,0.004390775341435636,1
2025-04-15,9.149999618530272,9.399999618530272,9.050000190734863,9.399999618530272,12940830.0,0.004390775341435615,0.06148488863196944,8.755999898910522,8.539399929046631,7.678349974155426,0.21659996986389096,70.66637383029514,0.02116272889555751,0.3324420699939822,9132974.7,1.4169348350433948,9.289999961853027,0.015300584607591861,1
2025-04-16,9.289999961853027,9.300000190734863,9.210000038146973,9.229999542236328,10468540.0,0.01530058460759176,0.06050225104147544,8.793999910354614,8.565199928283691,7.688799974918365,0.22879998207092278,74.02875285850415,0.03760235548476196,0.31941053443759715,9366858.8,1.1176147973961128,9.329999923706056,0.00430570097064355,1
2025-04-17,9.329999923706056,9.550000190734863,9.300000190734863,9.550000190734863,16658960.0,0.004305700970643533,0.024149316720068148,8.828999900817871,8.589599933624267,7.699899973869324,0.239399967193604,74.91353341562657,0.047392101900410016,0.3151669411836142,9828151.55,1.6950247373830938,9.5,0.018220801466675277,1
2025-04-21,9.5,9.630000114440918,9.369999885559082,9.420000076293944,15906300.0,0.018220801466675374,0.038251409405626546,8.868999910354614,8.616399936676025,7.711799974441528,0.25259997367858844,78.29750463144212,0.06068892498194442,0.31408360186584616,10354720.85,1.536139914385041,9.6899995803833,0.019999955829821135,1
2025-04-22,9.6899995803833,9.760000228881836,9.600000381469728,9.600000381469728,18210500.0,0.01999995582982117,0.04305700970643356,8.917499876022339,8.646799926757813,7.724749972820282,0.27069994926452523,81.32891618918083,0.0766248736287524,0.3102205037955597,10885501.9,1.672913216798942,9.460000038146973,-0.0237357639005419,0
2025-04-23,9.460000038146973,9.68000030517578,9.359999656677246,9.68000030517578,19475530.0,-0.023735763900541884,0.013933560075451545,8.953999900817871,8.671399936676025,7.73669997215271,0.2825999641418466,68.80075220004383,0.06640157989287171,0.3116333195034522,11525873.0,1.689722765468611,9.449999809265137,-0.0010571066428658054,0
2025-04-24,9.449999809265137,9.529999732971191,9.40999984741211,9.470000267028809,9824941.0,-0.001057106642865846,-0.00526317797209086,8.99249987602234,8.692999935150146,7.748399970531463,0.29949994087219345,68.3080528354578,0.05420660135862737,0.2979452170788543,11710983.85,0.8389509477463756,9.399999618530272,-0.005291025581380751,0
2025-04-25,9.399999618530272,9.520000457763672,9.350000381469728,9.479999542236328,10354610.0,-0.005291025581380726,-0.02992775793717406,9.031499862670898,8.713399925231933,7.759899969100952,0.3180999374389657,65.77189895339521,0.038738837989043734,0.28880627845136064,11808197.0,0.8769001736674954,9.300000190734863,-0.010638237431231268,0
2025-04-28,9.300000190734863,9.449999809265137,9.130000114440918,9.390000343322754,11055680.0,-0.010638237431231268,-0.01691330304090044,9.06599988937378,8.731599922180175,7.770799970626831,0.33439996719360465,60.90173172001188,0.018751474054439998,0.2910343796208505,12069284.2,0.9160178695601516,9.40999984741211,0.011827919830241873,1
2025-04-29,9.40999984741211,9.449999809265137,9.329999923706056,9.329999923706056,9473605.0,0.011827919830241784,-0.004232800281520621,9.10699987411499,8.749999923706055,7.782049970626831,0.3569999504089356,64.05473005278742,0.010337995262389543,0.2809604681143807,12320763.0,0.7689138245740137,9.300000190734863,-0.011689655521885863,0
2025-04-30,9.300000190734863,9.449999809265137,9.279999732971191,9.43000030517578,12484440.0,-0.011689655521885833,-0.010638237431231268,9.138999891281127,8.76699993133545,7.79254997253418,0.37199995994567736,58.93633256389901,-0.004443552686966362,0.2730347258414924,12765452.9,0.977986452795576,9.220000267028809,-0.008602142157561965,0
2025-05-02,9.220000267028809,9.3100004196167,9.109999656677246,9.25,10967650.0,-0.008602142157561943,-0.008602142157561943,9.16299991607666,8.78359992980957,7.8025499749183655,0.3793999862670905,55.46508631019506,-0.020516969216481384,0.26781801420563245,13046611.7,0.8406512167446509,9.359999656677246,0.015184315140324069,1
2025-05-05,9.359999656677246,9.390000343322754,9.199999809265137,9.300000190734863,8009116.0,0.015184315140324145,-0.005313516636093696,9.183999919891358,8.80199993133545,7.813249974250794,0.3819999885559078,59.9145745828486,-0.022470904347072024,0.2622596227664885,12920893.0,0.6198577760840523,9.539999961853027,0.019230802540400996,1
2025-05-06,9.539999961853027,9.5600004196167,9.420000076293944,9.4399995803833,13114430.0,0.019230802540401104,0.02580642647268583,9.213999938964843,8.823199939727782,7.824949975013733,0.39079999923706055,64.78600528251309,-0.012868612852430739,0.2578125613502717,13081736.75,1.002499152109906,9.510000228881836,-0.003144626110183372,0
2025-05-07,9.510000228881836,9.630000114440918,9.449999809265137,9.5600004196167,11124210.0,-0.0031446261101834017,0.03145335720760034,9.243499946594238,8.845199947357179,7.836399977207184,0.39829999923705905,63.40304727232217,-0.009898852042008993,0.2522545430520938,13119941.25,0.8478856565001767,9.479999542236328,-0.003154646259039599,0
2025-05-08,9.479999542236328,9.619999885559082,9.380000114440918,9.539999961853027,10797970.0,-0.0031546462590396063,0.012820501064172207,9.276999902725219,8.865999946594238,7.847649974822998,0.41099995613098095,61.97820986203987,-0.011219412115094113,0.25137920219967025,13076576.25,0.8257490182110931,9.470000267028809,-0.0010547759167043912,0
2025-05-09,9.470000267028809,9.539999961853027,9.350000381469728,9.479999542236328,8102362.0,-0.0010547759167044424,-0.007337494245715059,9.317499923706055,8.88499994277954,7.858849976062775,0.4324999809265151,61.48227219202658,-0.013857821598787345,0.24699494349850087,12596651.35,0.6432155479162325,9.270000457763672,-0.02111930344516096,0
2025-05-12,9.270000457763672,9.460000038146973,9.18000030517578,9.460000038146973,18388650.0,-0.021119303445160997,-0.025236568385065383,9.349999952316285,8.89999994277954,7.868849978446961,0.450000009536744,52.44321524552425,-0.0292777292062584,0.25006673052382433,13178414.7,1.395361310036783,9.279999732971191,0.0010786704114070552,1
2025-05-13,9.279999732971191,9.34000015258789,9.1899995803833,9.31999969482422,8974759.0,0.0010786704114069678,-0.021097027312509398,9.375999927520752,8.916399936676026,7.878649976253509,0.45959999084472614,52.81671046924308,-0.038432114339941786,0.24291914778673615,12470908.15,0.7196556090423935,9.220000267028809,-0.006465459878108498,0
2025-05-14,9.220000267028809,9.289999961853027,9.199999809265137,9.260000228881836,10375640.0,-0.006465459878108537,-0.026399154482646847,9.38149995803833,8.930799942016602,7.887899978160858,0.4507000160217274,50.265724551883004,-0.04755906494255241,0.23199636241539004,12335436.15,0.841124697483842,9.079999923706056,-0.015184418575713116,0
2025-05-15,9.079999923706056,9.210000038146973,8.979999542236328,9.210000038146973,17049750.0,-0.015184418575713066,-0.02049628097898193,9.377999973297118,8.9417999458313,7.896749978065491,0.4362000274658193,44.82537233938718,-0.061187442648984874,0.2325681025851822,12540882.15,1.359533547646008,9.170000076293944,0.00991191116124514,1
2025-05-16,9.170000076293944,9.239999771118164,9.119999885559082,9.220000267028809,7773001.0,0.009911911161245124,-0.011853411620953658,9.371999979019165,8.956599941253662,7.9060999774932865,0.4154000377655027,48.67140753094587,-0.062105252693097024,0.22738465578710546,12406105.2,0.6265464361853065,9.210000038146973,0.004362045967309862,1
2025-05-19,9.210000038146973,9.289999961853027,9.119999885559082,9.170000076293944,10212290.0,0.0043620459673099354,-0.0010846234915629083,9.365999984741212,8.973799934387207,7.916499977111816,0.3922000503540044,50.328630676064286,-0.05805755698160735,0.22328575725187974,12083771.7,0.8451243745361392,9.15999984741211,-0.005428902337433995,0
2025-05-20,9.15999984741211,9.220000267028809,9.119999885559082,9.220000267028809,9260879.0,-0.005428902337433983,0.008810564358837647,9.348999977111816,8.98939992904663,7.927299976348877,0.359600048065186,48.23231579848313,-0.05672103992323091,0.21447965898172594,11751500.65,0.7880592679880418,9.31999969482422,0.0174672325412008,1
2025-05-21,9.31999969482422,9.34000015258789,9.199999809265137,9.260000228881836,9736187.0,0.01746723254120086,0.01635764637756676,9.330499982833862,9.005999927520753,7.937649974822998,0.3245000553131092,54.73033870640612,-0.04362290899342472,0.21201684799558704,11327785.0,0.8594960974276964,9.369999885559082,0.005364827507733576,1
2025-05-22,9.369999885559082,9.399999618530272,9.329999923706056,9.399999618530272,5271572.0,0.005364827507733594,0.017372404641629258,9.325999975204468,9.023799934387206,7.949249973297119,0.3022000408172616,56.56517512381449,-0.03075994769259094,0.20258706768919163,10617587.1,0.4964943494553484,9.359999656677246,-0.00106726029925018,0
2025-05-23,9.359999656677246,9.460000038146973,9.329999923706056,9.369999885559082,6194832.0,-0.0010672602992501945,0.021834040676500743,9.321499967575074,9.041999931335448,7.961249971389771,0.27950003623962516,56.07563614482448,-0.022477662310758817,0.19740228531431483,10436081.65,0.5935975021812903,9.369999885559082,0.0010684005607523674,1
2025-05-26,9.369999885559082,9.449999809265137,9.329999923706056,9.420000076293944,6945963.0,0.0010684005607524139,0.005364827507733594,9.319999980926514,9.059999923706055,7.97374997138977,0.26000005722045927,56.48123746758121,-0.01617301330912918,0.1918735424746552,10265649.3,0.6766218869370492,9.34000015258789,-0.003201679118206457,0
2025-05-27,9.34000015258789,9.4399995803833,9.329999923706056,9.380000114440918,5755125.0,-0.0032016791182064575,-0.0032016791182064575,9.321999979019164,9.07779993057251,7.986049971580505,0.244200048446654,54.845085158109484,-0.013954251145491314,0.18602540777484017,10000621.55,0.5754767312437694,9.380000114440918,0.004282651092028549,1
2025-05-28,9.380000114440918,9.399999618530272,9.329999923706056,9.34000015258789,6003873.0,0.004282651092028633,0.0021368011215048277,9.320499992370605,9.096799926757813,7.998399972915649,0.22370006561279254,56.64832015948749,-0.009913733321426754,0.17773785684979554,9827134.95,0.6109484636720084,9.289999961853027,-0.009594898879514029,0
2025-05-29,9.289999961853027,9.359999656677246,9.0,9.350000381469728,6672383.0,-0.009594898879514036,-0.008537878834913304,9.319999980926514,9.112999935150146,8.009999973773956,0.20700004577636832,51.650399705330514,-0.013216893159721368,0.19218516096344712,9536532.1,0.6996655524286443,9.34000015258789,0.0053821518773063595,1
2025-05-30,9.34000015258789,9.359999656677246,9.279999732971191,9.289999961853027,6181885.0,0.005382151877306285,0.0,9.325999975204468,9.129199943542481,8.022199974060058,0.19680003166198645,54.07459920676708,-0.011985151971627209,0.18417192973077623,9297243.85,0.6649158718150647,9.449999809265137,0.011777264976464462,1
2025-06-02,9.449999809265137,10.5,9.31999969482422,10.5,10758100.0,0.011777264976464474,0.007462653941384456,9.330499982833862,9.145599937438964,8.035099973678589,0.18490004539489746,58.950829488348695,-0.004119250251816996,0.2553025279768479,9434693.05,1.1402702709019237,9.489999771118164,0.004232800281520627,1
2025-06-03,9.489999771118164,9.68000030517578,9.199999809265137,9.68000030517578,8370477.0,0.004232800281520621,0.02152850485321678,9.32799997329712,9.161399936676025,8.04834997177124,0.16660003662109446,60.58951626221101,0.003034642811213774,0.2713523828292618,9197495.4,0.9100822165129866,9.539999961853027,0.005268724124423449,1
2025-06-04,9.539999961853027,9.720000267028809,9.210000038146973,9.720000267028809,9968345.0,0.005268724124423363,0.02141325546014272,9.329499959945679,9.17779993057251,8.061899971961974,0.15170002937316873,62.59938227078641,0.009998518426536568,0.28839865754730276,9139702.15,1.0906640978448074,9.579999923706056,0.004192868135531902,1
2025-06-05,9.579999923706056,9.770000457763672,9.300000190734863,9.770000457763672,9325858.0,0.00419286813553188,0.013756626144421968,9.334499979019165,9.194799938201903,8.075349972248077,0.13970004081726195,64.17348302746008,0.015817257029001858,0.30137020108169604,9066096.55,1.0286519615765615,9.539999961853027,-0.004175361395781201,0
2025-06-06,9.539999961853027,9.8100004196167,9.34000015258789,9.8100004196167,10796540.0,-0.00417536139578123,0.005268724124423363,9.337999963760376,9.211999931335448,8.088499972820282,0.12600003242492797,61.39093491113957,0.015471759079465408,0.3134152057922041,9200805.45,1.173434223630932,9.449999809265137,-0.009433978296411776,0
2025-06-09,9.449999809265137,9.770000457763672,9.109999656677246,9.770000457763672,14279980.0,-0.009433978296411794,-0.009433978296411794,9.34699993133545,9.22859992980957,8.100999972820283,0.11840000152587926,55.55417139155592,0.008054590021970134,0.3381713197417914,8995371.95,1.5874807711536596,9.460000038146973,0.001058225299859936,1
2025-06-10,9.460000038146973,9.619999885559082,9.229999542236328,9.229999542236328,10223820.0,0.001058225299859883,-0.012526084187343245,9.355999946594238,9.245599937438964,8.11339997291565,0.11040000915527415,56.05413369304491,0.0029572874596650728,0.3418733928547173,9057825.0,1.12872792309412,9.479999542236328,0.0021141124744934966,1
2025-06-11,9.479999542236328,10.0,9.25,10.0,10263920.0,0.002114112474493446,-0.006289352186228392,9.368999910354614,9.263399925231933,8.125999970436096,0.1055999851226801,57.09362776691431,0.00021263142376409805,0.37102529336509465,9052239.0,1.133854287320518,9.529999732971191,0.005274281977767718,1
2025-06-12,9.529999732971191,9.710000038146973,9.239999771118164,9.710000038146973,9428511.0,0.005274281977767803,0.008465600563041242,9.391499900817871,9.280799922943116,8.138349969387054,0.11069997787475572,59.662542146302954,0.0010005371616272074,0.3780949343410742,8671177.05,1.0873392326823723,9.739999771118164,0.022035681430339394,1
2025-06-13,9.739999771118164,9.770000457763672,9.539999961853027,9.760000228881836,17843600.0,0.022035681430339293,0.029598280321575743,9.419999885559083,9.300799922943115,8.151499967575074,0.11919996261596744,68.25839717859205,0.01416981690790256,0.3682310622304604,9174707.0,1.9448686481214055,9.75,0.0010267175684633408,1
2025-06-16,9.75,10.399999618530272,9.739999771118164,9.979999542236328,31667430.0,0.0010267175684632868,0.028481062320808714,9.446999883651733,9.316999931335449,8.164799966812133,0.12999995231628425,68.60153158857563,0.021613330139802073,0.3890716897434352,10247464.0,3.090269943861232,9.68000030517578,-0.007179455879407233,0
2025-06-17,9.68000030517578,10.3100004196167,9.600000381469728,9.989999771118164,15377210.0,-0.0071794558794072705,0.015739829633533597,9.472999906539917,9.3317999458313,8.177749967575073,0.14119996070861696,63.432401494289394,0.01992317319575393,0.4119951432008306,10553280.55,1.4571023604598474,9.720000267028809,0.004132227333881552,1
2025-06-18,9.720000267028809,9.869999885559082,9.470000267028809,9.869999885559082,13183470.0,0.004132227333881522,-0.002053337223750229,9.492999935150147,9.347799949645996,8.19099996805191,0.14519998550415103,65.05287957528742,0.01957132172200944,0.4111383200100765,10725644.7,1.2291540852551268,9.699999809265137,-0.0020576602072240042,0
2025-06-19,9.699999809265137,9.960000038146973,9.470000267028809,9.470000267028809,11639850.0,-0.002057660207223977,-0.005128224690755245,9.50949993133545,9.365599937438965,8.203899967670441,0.14389999389648445,63.53674850098828,0.016203045216330342,0.41677128080351133,11044058.6,1.0539467800361,9.65999984741211,-0.004123707488614652,0
2025-06-20,9.65999984741211,9.9399995803833,9.449999809265137,9.9399995803833,9672474.0,-0.004123707488614681,-0.002066162926975923,9.524499940872193,9.385599937438965,8.216749966144562,0.1389000034332284,60.49985952787877,0.009807450912659832,0.42200188725455795,11217940.7,0.8622325842745807,9.699999809265137,0.004140782865927606,1
2025-06-23,9.699999809265137,10.399999618530272,9.40999984741211,9.65999984741211,13290160.0,0.004140782865927672,-0.002057660207223977,9.540999937057496,9.407199935913086,8.229749965667725,0.13380000114440982,62.43355766961639,0.006932715155755387,0.4625731646733868,11535150.55,1.1521444772127398,9.510000228881836,-0.019587585991684156,0
2025-06-24,9.510000228881836,9.9399995803833,9.470000267028809,9.9399995803833,18768670.0,-0.019587585991684198,-0.019587585991684198,9.549499940872192,9.422199935913087,8.241749966144562,0.1273000049591051,49.93009780032879,-0.008278350800589307,0.46310360386489435,12185827.8,1.5402047614688923,9.510000228881836,0.0,0
2025-06-25,9.510000228881836,9.770000457763672,9.25,9.739999771118164,10117470.0,0.0,-0.01552791106621576,9.555999946594238,9.430199947357178,8.253949966430664,0.12579999923705998,49.93009780032879,-0.01828000293657231,0.4671676648576642,12391507.65,0.816484183020296,9.520000457763672,0.0010515487530131996,1
2025-06-26,9.520000457763672,10.449999809265137,9.449999809265137,9.739999771118164,8597166.0,0.001051548753013165,-0.018556634540295103,9.56749997138977,9.437599964141846,8.266199967861176,0.12990000724792417,50.53479588348764,-0.023812337211915974,0.505227117367831,12487746.8,0.6884481354154296,9.380000114440918,-0.01470591770913015,0
2025-06-27,9.380000114440918,10.5,9.359999656677246,9.75,21467310.0,-0.0147059177091301,-0.013669832945545912,9.569499969482422,9.439399967193603,8.277949967384338,0.13010000228881857,42.75068868579796,-0.0357717884889875,0.550568062078897,13252018.05,1.6199276154774025,9.390000343322754,0.0010661224690648086,1
2025-06-30,9.390000343322754,10.300000190734863,9.140000343322754,10.300000190734863,12757420.0,0.0010661224690649007,-0.012618284192532747,9.566499996185303,9.440599975585938,8.289449968338012,0.12590002059936545,43.42109539219338,-0.04147848075953042,0.5940989038884121,13351984.05,0.9554699850019667,9.5,0.011714552998442332,1
2025-07-01,9.5,9.619999885559082,9.350000381469728,9.619999885559082,10390640.0,0.011714552998442374,-0.0021008883195338113,9.567000007629394,9.440599975585938,8.301549968719483,0.12640003204345618,50.313525054342456,-0.03649064286927688,0.5709489467599079,13452992.2,0.7723664628304772,9.520000457763672,0.002105311343544408,1
2025-07-02,9.520000457763672,9.729999542236328,9.260000228881836,9.260000228881836,7924173.0,0.0021053113435443027,0.014925409553803393,9.566000032424927,9.437199993133545,8.313949971199035,0.12880003929138262,51.47110631584277,-0.03072152042966416,0.5637382586595211,13350783.6,0.5935361726633034,9.510000228881836,-0.0010504441597668868,0
2025-07-03,9.510000228881836,10.0,9.279999732971191,10.0,10830410.0,-0.0010504441597668501,0.012779540060870564,9.562500047683717,9.438199996948242,8.326199972629547,0.12430005073547434,50.83340517778748,-0.026609684077073335,0.5748998306858988,13426011.2,0.8066736902468843,9.5,-0.0010515487530131996,0
2025-07-04,9.5,9.600000381469728,9.350000381469728,9.600000381469728,9497877.0,-0.001051548753013165,0.0,9.560500049591065,9.43920000076294,8.338199973106384,0.12130004882812528,50.1640890307768,-0.02369150294035373,0.5516926999226203,13361078.05,0.7108615760237998,9.460000038146973,-0.004210522300318668,0
2025-07-07,9.460000038146973,9.600000381469728,9.0,9.260000228881836,10048120.0,-0.004210522300318709,-0.0063025647827326114,9.561000061035156,9.440400009155274,8.349999973773956,0.12060005187988132,47.47162143228567,-0.023534972791127033,0.5551432486045565,13149485.05,0.7641455130594638,9.489999771118164,0.003171219117359302,1
2025-07-08,9.489999771118164,9.56999969482422,9.239999771118164,9.56999969482422,7262983.0,0.003171219117359403,-0.002103097506026441,9.562500047683717,9.44420000076294,8.361349973678589,0.11830004692077623,49.65416826240667,-0.02059673959260921,0.539061582540378,13001443.2,0.5586289835885295,9.399999618530272,-0.009483683325451554,0
2025-07-09,9.399999618530272,9.720000267028809,9.25,9.720000267028809,12528260.0,-0.009483683325451575,-0.010526355944181942,9.558500051498413,9.443999996185303,8.371999971866607,0.11450005531311014,43.777501229882844,-0.023680184071749367,0.5341286314324087,13114660.2,0.9552866646136969,9.479999542236328,0.008510630526872806,1
2025-07-10,9.479999542236328,9.630000114440918,9.350000381469728,9.630000114440918,6560479.0,0.008510630526872731,0.002114112474493446,9.55600004196167,9.447599983215332,8.38314996957779,0.10840005874633896,49.498959203552076,-0.019473280557804742,0.5159765672566073,12971258.6,0.505770426934515,9.529999732971191,0.005274281977767718,1
2025-07-11,9.529999732971191,9.649999618530272,9.239999771118164,9.649999618530272,8041910.0,0.005274281977767803,0.004214959201027879,9.545500040054321,9.45379997253418,8.394999969005585,0.09170006752014181,52.73631839689295,-0.012787590321027154,0.5084068015534288,12481174.1,0.644323197126142,9.609999656677246,0.008394535776247384,1
2025-07-14,9.609999656677246,9.729999542236328,9.289999961853027,9.649999618530272,11913150.0,0.00839453577624738,0.02234043049672052,9.538500022888183,9.45879997253418,8.40679996728897,0.07970005035400263,57.437629221462174,-0.0029550611398691112,0.5035205714698482,11493460.1,1.0365155398242518,9.579999923706056,-0.0031217205039487314,0
2025-07-15,9.579999923706056,11.43000030517578,9.56999969482422,9.850000381469728,10009860.0,-0.003121720503948766,0.010548563955535606,9.533500003814698,9.45959997177124,8.418249967098236,0.07390003204345774,55.219453138690085,0.0013212223722626308,0.6004120028185417,11225092.6,0.8917396369629947,9.550000190734863,-0.0031314961597189326,0
2025-07-16,9.550000190734863,9.8100004196167,9.34000015258789,9.8100004196167,9409414.0,-0.0031314961597189717,0.0020986839794419065,9.525,9.4603999710083,8.429199967384339,0.06460002899170014,53.01459991420535,0.001887777560445789,0.5910968788335608,11036389.8,0.8525807959410783,9.520000457763672,-0.003141333232673261,0
2025-07-17,9.520000457763672,9.779999732971191,9.449999809265137,9.779999732971191,5693392.0,-0.0031413332326732935,-0.009365161511846742,9.516000032424927,9.461199989318848,8.43979996919632,0.05480004310607889,50.82893646882887,9.51445184863859e-05,0.5724470963244531,10739066.9,0.5301570474432932,9.59000015258789,0.0073529087666306964,1
2025-07-18,9.59000015258789,9.75,9.369999885559082,9.75,8892749.0,0.007352908766630639,0.001043865236062036,9.512500047683716,9.46359998703003,8.450449969768524,0.04890006065368624,55.44476801355229,0.003299303796592601,0.558700883332772,10700080.65,0.8310917731260277,9.649999618530272,0.006256461416863482,1
2025-07-21,9.649999618530272,9.81999969482422,9.359999656677246,9.81999969482422,40950110.0,0.006256461416863424,0.010471144062638382,9.510000038146973,9.471199970245362,8.461199967861175,0.03880006790161161,58.997681897150926,0.008821677347368339,0.5516508229623579,12083078.15,3.389046192670697,9.710000038146973,0.0062176603096943195,1
2025-07-22,9.710000038146973,9.890000343322754,9.479999542236328,9.890000343322754,11503750.0,0.006217660309694395,0.01995793815622715,9.52000002861023,9.479799976348877,8.472399969100952,0.040200052261353036,62.24037075651802,0.015487525220306747,0.5415329642569342,11719832.15,0.9815626924315634,9.81999969482422,0.011328491889299712,1
2025-07-23,9.81999969482422,10.0,9.460000038146973,9.460000038146973,14658990.0,0.011328491889299741,0.02398326783907967,9.535500001907348,9.491799964904786,8.484199967384338,0.0437000370025622,67.33996111860847,0.02567618118439878,0.5414234640852266,11946908.15,1.2270111911758523,9.670000076293944,-0.015274910711996922,0
2025-07-24,9.670000076293944,10.0600004196167,9.65999984741211,10.0600004196167,14922480.0,-0.015274910711996936,0.002072586378684127,9.542999982833862,9.503599967956543,8.495299968719483,0.03940001487731948,56.194781641248554,0.020887691281590237,0.5313218289508954,12263173.85,1.21685300906013,9.630000114440918,-0.004136500676053321,0
2025-07-25,9.630000114440918,9.710000038146973,9.609999656677246,9.670000076293944,9459367.0,-0.004136500676053312,-0.008238921049615322,9.555499982833862,9.512799968719483,8.50609997034073,0.04270001411437896,53.64503042760627,0.013935150894559406,0.500513154130812,11662776.7,0.8110733184148162,9.619999885559082,-0.0010384453544128036,0
2025-07-28,9.619999885559082,9.779999732971191,9.380000114440918,9.380000114440918,9311793.0,-0.0010384453544127759,-0.020366579987833533,9.56699995994568,9.520999965667725,8.516699969768524,0.045999994277954315,52.99760005568811,0.007873441089958778,0.49333361587363067,11490495.35,0.8103909114762401,9.609999656677246,-0.001039524844158016,0
2025-07-29,9.609999656677246,11.350000381469728,8.0,9.619999885559082,7812830.0,-0.0010395248441580351,-0.006204800325057769,9.57249994277954,9.529999961853028,8.527349967956543,0.04249998092651275,52.31761990610167,0.0026699063157461997,0.6973812419876376,11361604.85,0.6876519737438324,9.6899995803833,0.008324654169000821,1
2025-07-30,9.6899995803833,9.949999809265137,9.550000190734863,9.869999885559082,12044730.0,0.008324654169000745,0.00623047406327748,9.580999898910523,9.537399959564208,8.538599965572358,0.0435999393463149,57.0636399837735,0.0040145511410992,0.6761396974549687,11567632.7,1.0412441605273306,9.649999618530272,-0.004127963218286008,0
2025-07-31,9.649999618530272,9.84000015258789,9.329999923706056,9.84000015258789,7329879.0,-0.004127963218286013,0.003118475397928311,9.587999868392945,9.542999954223633,8.549949963092804,0.044999914169311594,54.160874175330584,0.0017257172475954527,0.6642725925568876,11392606.15,0.643389133574147,9.600000381469728,-0.005181268293993816,0
2025-08-01,9.600000381469728,9.829999923706056,9.34000015258789,9.829999923706056,8082378.0,-0.00518126829399379,-0.0010405073428457756,9.59299988746643,9.547799968719483,8.561049964427948,0.045199918746947176,50.689817243432685,-0.0033625899021896347,0.6518245338826932,11321831.2,0.7138755080538561,9.760000228881836,0.016666650109821365,1
2025-08-04,9.760000228881836,9.93000030517578,9.359999656677246,9.84000015258789,14456000.0,0.01666665010982138,0.007224009445804924,9.607999897003173,9.555599975585938,8.572599966526031,0.05239992141723526,59.61028679794725,0.0034704998120821118,0.6459799706409675,11542225.2,1.2524448058767732,9.8100004196167,0.0051229702420398,1
2025-08-05,9.8100004196167,10.0,9.600000381469728,10.0,13827600.0,0.005122970242039893,0.016580394550398614,9.6239999294281,9.564999980926514,8.584149968624114,0.05899994850158663,61.92817042030225,0.010389657189971466,0.6284099454902036,11870456.05,1.1648752113445546,9.800000190734863,-0.0010193912797229697,0
2025-08-06,9.800000190734863,10.050000190734863,9.65999984741211,10.050000190734863,13782750.0,-0.0010193912797229476,0.020833312637276835,9.64399995803833,9.573399982452393,8.5956999707222,0.070599975585937,61.172039874409336,0.013147279710528655,0.6113806881925286,11933180.55,1.1549938377493163,9.850000381469728,0.005102060179767786,1
2025-08-07,9.850000381469728,10.039999961853027,9.550000190734863,10.039999961853027,12025770.0,0.005102060179767776,0.009221326893165793,9.6625,9.584599990844726,8.607199971675874,0.07790000915527351,63.567266934340694,0.01695109497369325,0.6027106226872168,12206445.1,0.9851983850728169,9.899999618530272,0.005076064479612018,1
2025-08-08,9.899999618530272,10.140000343322754,9.869999885559082,10.09000015258789,19290710.0,0.0050760644796119525,0.009174229873997186,9.680999994277954,9.595799980163575,8.618899970054626,0.08520001411437939,65.83680266190935,0.021172545462631615,0.580374146913346,12768885.1,1.510759149990315,9.770000457763672,-0.013131228866238999,0
2025-08-11,9.770000457763672,10.18000030517578,9.649999618530272,10.140000343322754,14059910.0,-0.013131228866238964,-0.003061197182379072,9.689000034332276,9.602199993133546,8.629549973011017,0.08680004119872997,56.058785191891076,0.013899132455775141,0.5767760426085005,12876223.1,1.09192811360965,9.739999771118164,-0.0030706944974263485,0
2025-08-12,9.739999771118164,11.350000381469728,9.520000457763672,10.010000228881836,9436646.0,-0.003070694497426363,-0.0111675742224846,9.69700002670288,9.607199993133545,8.639699971675872,0.08980003356933608,54.063249266245954,0.006152236100200895,0.6662920341154688,12847562.4,0.734508672244316,9.770000457763672,0.0030801527053900225,1
2025-08-13,9.770000457763672,9.979999542236328,9.699999809265137,9.979999542236328,12421720.0,0.0030801527053900823,-0.013131228866238964,9.708000040054321,9.611800003051759,8.649999973773957,0.09620003700256241,55.75923870544417,0.0023297999413841863,0.6386997268908775,12998177.7,0.9556508832772765,9.770000457763672,0.0,0
2025-08-14,9.770000457763672,10.010000228881836,9.649999618530272,10.010000228881836,10458670.0,0.0,0.0,9.720500040054322,9.61560001373291,8.659949975013733,0.10490002632141149,55.75923870544417,-0.0007523659957908574,0.6187926471380694,13236441.6,0.7901421179541184,9.739999771118164,-0.0030706944974263485,0
2025-08-18,9.739999771118164,9.81999969482422,9.65999984741211,9.770000457763672,12821730.0,-0.003070694497426363,0.0,9.728000020980835,9.619600009918212,8.670049974918365,0.10840001106262243,53.46974046717072,-0.005121831608339622,0.5860217328719294,13432890.65,0.9545026706519045,9.670000076293944,-0.007186827152890628,0
2025-08-19,9.670000076293944,10.09000015258789,9.640000343322754,9.979999542236328,10011790.0,-0.007186827152890651,-0.010235453099724623,9.729000043869018,9.624000015258789,8.679999976158141,0.10500002861022928,48.46897017830486,-0.0126100666773803,0.57630588118573,11885974.65,0.8423196494029203,9.640000343322754,-0.0031023508515510907,0
2025-08-20,9.640000343322754,10.0,9.5,9.670000076293944,37900810.0,-0.0031023508515510834,-0.013306049984635804,9.725500059127807,9.627600021362305,8.68964997768402,0.09790003776550193,46.46336512216628,-0.01907909535413649,0.570855461101035,13205827.65,2.870006409632341,9.699999809265137,0.006224010768209367,1
2025-08-21,9.699999809265137,9.880000114440918,9.5,9.880000114440918,8306339.0,0.0062240107682094425,-0.0041067723606769135,9.719500064849854,9.632000026702881,8.699299976825714,0.08750003814697216,50.84433139876839,-0.018783164298976245,0.5572229363395981,12888195.1,0.6444920282127014,9.699999809265137,0.0,0
2025-08-22,9.699999809265137,10.100000381469728,9.449999809265137,9.9399995803833,7438569.0,0.0,0.0031023508515515275,9.721000051498413,9.63540002822876,8.7085999751091,0.08560002326965233,50.84433139876839,-0.018048815853685382,0.5638499103299547,12513999.55,0.5944197912329314,9.789999961853027,0.00927836642861841,1
2025-08-25,9.789999961853027,11.270000457763672,9.699999809265137,9.9399995803833,12017610.0,0.009278366428618456,0.015560125849390927,9.729000043869018,9.636400032043458,8.716599977016449,0.0926000118255601,56.970023665760934,-0.011293435257147197,0.635717820199139,12641911.7,0.9506165115834497,9.84000015258789,0.0051072718007855195,1
2025-08-26,9.84000015258789,10.029999732971191,9.699999809265137,9.789999961853027,10868970.0,0.005107271800785629,0.014433025368622232,9.74000005722046,9.638200035095215,8.727049977779389,0.10180002212524464,59.955652959016916,-0.0036452806634693774,0.6138808275924902,12719770.55,0.8544941873971145,9.899999618530272,0.006097506606908065,1
2025-08-28,9.899999618530272,10.25,9.579999923706056,10.079999923706056,12046020.0,0.006097506606907999,0.02061853744307318,9.75450005531311,9.642600021362306,8.738049976825714,0.11190003395080517,63.250787975983286,0.004807957189539004,0.6178893453568798,12931430.05,0.9315303839887374,10.0,0.010101049022522502,1
2025-08-29,10.0,11.199999809265137,9.899999618530272,9.899999618530272,14858830.0,0.010101049022522401,0.021450463632813443,9.770000076293945,9.648200016021729,8.750199975967407,0.12180006027221602,67.9800331673058,0.015864479608415596,0.6666115485981645,13072135.05,1.1366796581557652,10.18000030517578,0.018000030517577946,1
2025-09-01,10.18000030517578,10.270000457763672,9.75,10.0,27325050.0,0.018000030517578036,0.03455286049954687,9.796500110626221,9.657800025939942,8.76299997806549,0.13870008468627937,74.37294563214475,0.03304233906236776,0.6561393278242722,14071893.6,1.9418175532538136,10.18000030517578,0.0,0
2025-09-02,10.18000030517578,10.5,10.149999618530272,10.43000030517578,23534620.0,0.0,0.028282898730765504,9.825500106811523,9.668200035095214,8.77599997997284,0.15730007171630866,74.37294563214476,0.04159393306497226,0.634272260227519,14844505.7,1.5854094757766166,10.31999969482422,0.013752395427460025,1
2025-09-03,10.31999969482422,10.43000030517578,10.18000030517578,10.18000030517578,25808680.0,0.013752395427460096,0.03199996948242201,9.853500080108642,9.680600032806396,8.7905499792099,0.17290004730224595,78.28389413875016,0.05313009530896878,0.6068242416398392,15412139.7,1.6745682625755072,10.350000381469728,0.0029070433655685114,1
2025-09-04,10.350000381469728,11.880000114440918,10.289999961853027,10.56999969482422,26814140.0,0.0029070433655684624,0.01669941760291671,9.880500078201294,9.697400035858154,8.805249981880188,0.18310004234314015,79.02268751185306,0.058791227935597365,0.6770510924218429,16061466.7,1.6694701985093303,10.399999618530272,0.004830843982388655,1
2025-09-05,10.399999618530272,10.520000457763672,10.239999771118164,10.520000457763672,29510670.0,0.004830843982388755,0.02161093386634172,9.910500049591064,9.715200023651123,8.820849978923798,0.19530002593994134,80.2298556061215,0.06161550355595191,0.6486903491521047,16847862.7,1.7515972515611729,10.5600004196167,0.015384692976463674,1
2025-09-08,10.5600004196167,10.670000076293944,10.399999618530272,10.550000190734863,42398470.0,0.01538469297646361,0.023255884873024435,9.946000051498412,9.736000022888184,8.836749980449676,0.21000002861022793,83.50174978808997,0.06939324760519383,0.621641071195788,18366497.7,2.308467879534812,10.6899995803833,0.012310526098570003,1
2025-09-09,10.6899995803833,12.130000114440918,10.579999923706056,10.81999969482422,57889090.0,0.012310526098570085,0.03285016293548115,9.985500049591064,9.762200012207032,8.852799978256225,0.22330003738403192,85.58863096798517,0.07779521166184711,0.6893809728835331,20296416.7,2.8521827697792586,10.68000030517578,-0.0009353859307787525,0
2025-09-10,10.68000030517578,10.960000038146973,10.600000381469728,10.949999809265137,33682440.0,-0.0009353859307787982,0.026923143934218574,10.03100004196167,9.788000011444092,8.868349978923797,0.24300003051757812,84.70114443585047,0.07703629574083229,0.6658537360116553,21277543.2,1.5830041881902983,10.630000114440918,-0.004681665665368028,0
2025-09-11,10.630000114440918,11.0,10.600000381469728,10.9399995803833,28782370.0,-0.0046816656653679845,0.006628758716162864,10.075500059127808,9.81060001373291,8.883199980258942,0.26490004539489753,80.22168806667085,0.06784695507182326,0.6468641561915565,22244829.4,1.2938903455919515,10.710000038146973,0.007525862920488055,1
2025-09-12,10.710000038146973,10.869999885559082,10.359999656677246,10.630000114440918,29207990.0,0.007525862920487958,0.001870950285196793,10.122500038146972,9.834400005340576,8.89889997959137,0.28810003280639584,81.87347205719426,0.061996974582786996,0.6370881613837193,23084142.9,1.2652837112700426,10.670000076293944,-0.0037348236891276286,0
2025-09-15,10.670000076293944,10.979999542236328,10.65999984741211,10.970000267028809,28740510.0,-0.0037348236891275866,-0.0009363509921427315,10.167500019073486,9.857600002288818,8.914999980926513,0.3099000167846686,78.35010180513753,0.05074729000372882,0.6144389852008978,23998234.9,1.197609329176122,10.829999923706056,0.014995299556519437,1
2025-09-16,10.829999923706056,10.970000267028809,10.670000076293944,10.670000076293944,28353020.0,0.014995299556519459,0.018814657301220228,10.222000026702881,9.88420000076294,8.931549980640412,0.3378000259399414,81.73587998680435,0.04935075981779413,0.5919790713104669,24774799.4,1.1444298515692524,10.720000267028809,-0.010156939746275242,0
2025-09-17,10.720000267028809,11.100000381469728,10.6899995803833,11.100000381469728,44351020.0,-0.010156939746275295,0.000933728183587057,10.274500036239624,9.909400005340576,8.947599980831146,0.36510003089904863,73.25402959793718,0.03685998639098151,0.5789806234373212,26491760.9,1.6741439033597802,10.75,0.0027984824835742502,1
2025-09-18,10.75,10.880000114440918,10.5,10.5,26324910.0,0.0027984824835742828,0.0074976497782597296,10.330000019073486,9.934600009918213,8.963599979877472,0.3954000091552725,74.04508732977162,0.026920765833323257,0.5647677299375781,25912965.9,1.0158972192372622,10.710000038146973,-0.0037209266840025437,0
2025-09-19,10.710000038146973,10.789999961853027,10.619999885559082,10.789999961853027,19345630.0,-0.00372092668400259,-0.01108032192100139,10.380500030517577,9.960800018310547,8.979649980068206,0.4197000122070307,71.02854376131187,0.014573264685197318,0.5365700403916043,26464930.45,0.7309911521040857,10.90999984741211,0.018674118445637315,1
2025-09-22,10.90999984741211,11.079999923706056,10.720000267028809,10.720000267028809,31144280.0,0.018674118445637378,0.017723841012175834,10.441000032424927,9.989400024414062,8.996599979400635,0.45160000801086575,76.24054504469892,0.01664658562402546,0.5246721721892814,27650216.0,1.1263666077689953,11.18000030517578,0.0247479799761606,1
2025-09-23,11.18000030517578,11.25,10.630000114440918,10.630000114440918,54082240.0,0.024747979976160517,0.04000002838844452,10.510500049591064,10.022400035858155,9.01489998102188,0.48810001373290923,81.16644957197812,0.03207924847659599,0.5314812945728387,29753447.5,1.8176797831579012,11.109999656677246,-0.006261238514110468,0
2025-09-24,11.109999656677246,11.550000190734863,10.899999618530272,10.899999618530272,56667400.0,-0.006261238514110423,0.03734823689127453,10.574000024795533,10.052400035858154,9.032799978256225,0.5215999889373784,76.72515540310218,0.03330509094592227,0.539946957260821,32043369.0,1.7684594900118025,11.06999969482422,-0.0036003567136912644,0
2025-09-25,11.06999969482422,11.399999618530272,10.829999923706056,11.109999656677246,31688890.0,-0.0036003567136912995,0.01466543076534177,10.63250002861023,10.082200031280518,9.050549976825714,0.5502999973297111,74.22578854049696,0.027400777638477036,0.542093581372492,33025512.5,0.9595275773540229,11.079999923706056,0.0009033630675266906,1
2025-09-26,11.079999923706056,11.119999885559082,10.890000343322754,11.09000015258789,32270340.0,0.0009033630675265858,-0.008944577704834922,10.686500024795532,10.112800025939942,9.06819997549057,0.5736999988555898,74.44987739959228,0.020465378132505485,0.5198011500056231,33896088.0,0.952037297047376,11.229999542236328,0.01353787180172647,1
2025-09-29,11.229999542236328,11.359999656677246,11.020000457763672,11.199999809265137,42740370.0,0.013537871801726498,0.010801070141074343,10.73899998664856,10.147000007629394,9.086399972438812,0.5919999790191657,77.59631570214422,0.022135068121843182,0.5069581534990482,34666854.0,1.232888626121078,11.300000190734863,0.006233361651998368,1
2025-09-30,11.300000190734863,11.510000228881836,11.229999542236328,11.510000228881836,64157560.0,0.0062333616519982815,0.02077691980589491,10.794999980926514,10.181200008392334,9.104599974155427,0.6137999725341796,78.90207341779438,0.02395493591732273,0.4907469058666524,36698001.0,1.7482576230787066,11.43000030517578,0.011504434712090214,1
2025-10-01,11.43000030517578,11.649999618530272,11.300000190734863,11.579999923706056,54595580.0,0.011504434712090283,0.03158848229961486,10.850500011444092,10.216800022125245,9.123249976634979,0.6336999893188473,81.10462017846011,0.02954795937744642,0.48069351457584925,38137346.0,1.431551634453011,11.390000343322754,-0.0034995591238009523,0
2025-10-03,11.390000343322754,11.529999732971191,11.229999542236328,11.43000030517578,48770440.0,-0.003499559123800955,0.014247623117406016,10.902500009536743,10.25040002822876,9.142249977588653,0.6520999813079822,78.39279290679167,0.02629637468391799,0.46778684858720737,39235161.0,1.2430289249991864,11.640000343322754,0.021949077477118724,1
2025-10-06,11.640000343322754,11.699999809265137,11.100000381469728,11.390000343322754,73589000.0,0.021949077477118717,0.030088508570704775,10.964500045776367,10.286800041198731,9.162599978446961,0.6777000045776358,82.36220235994209,0.03611879970639792,0.477230604244936,41439077.5,1.7758358641067722,11.670000076293944,0.0025772965709918447,1
2025-10-07,11.670000076293944,11.979999542236328,11.640000343322754,11.850000381469728,79594520.0,0.002577296570991816,0.020997354742806618,11.02000002861023,10.32680004119873,9.183299977779388,0.6931999874115,82.77122167041588,0.03949862785109187,0.4674283610069816,43298880.0,1.8382581720358586,11.93000030517578,0.022279368224683384,1
2025-10-08,11.93000030517578,11.989999771118164,11.739999771118164,11.739999771118164,69403570.0,0.02227936822468335,0.04741000400141293,11.082000064849854,10.372800045013427,9.205199978351594,0.7092000198364268,85.83673879145788,0.05325125387368518,0.45689774199392724,43874604.0,1.5818620266065535,11.9399995803833,0.0008381621920984499,1
2025-10-09,11.9399995803833,11.979999542236328,11.899999618530272,11.93000030517578,96317040.0,0.0008381621920985349,0.02577312957148159,11.14500002861023,10.419200038909912,9.227449977397919,0.7257999897003184,85.94034917286596,0.05670856607553465,0.42997646925907934,47006334.0,2.0490225849137693,11.8100004196167,-0.010887702289385532,0
2025-10-10,11.8100004196167,11.979999542236328,11.56999969482422,11.970000267028809,86098070.0,-0.010887702289385515,0.011996601748713642,11.20400004386902,10.463200054168702,9.249249980449676,0.7407999897003172,77.9558875365878,0.0444681135943108,0.4285495676985814,49872119.0,1.72637681587181,,,0
